<?xml version="1.0" encoding="UTF-8"?>
<project-private xmlns="http://www.netbeans.org/ns/project-private/1">
    <editor-bookmarks xmlns="http://www.netbeans.org/ns/editor-bookmarks/2" lastBookmarkId="0"/>
    <open-files xmlns="http://www.netbeans.org/ns/projectui-open-files/2">
        <group>
            <file>file:/Users/namrata/NetBeansProjects/Personal_info/Page1.php</file>
            <file>file:/Users/namrata/NetBeansProjects/Personal_info/Page3b.php</file>
            <file>file:/Users/namrata/NetBeansProjects/Personal_info/Page3.php</file>
            <file>file:/Users/namrata/NetBeansProjects/Personal_info/Page2.php</file>
            <file>file:/Users/namrata/NetBeansProjects/Personal_info/Page4.php</file>
            <file>file:/Users/namrata/NetBeansProjects/Personal_info/index.php</file>
        </group>
    </open-files>
</project-private>
